feature_set,pr_auc,roc_auc,f1,recall,precision,recall_top10,precision_top10,recall_top20,precision_top20,brier
price_only,0.4427803544661587,0.7493433140251294,0.4381443298969072,0.5044510385756676,0.38724373576309795,0.2789317507418398,0.5164835164835165,0.4362017804154303,0.40384615384615385,0.183710270379863
price_calendar,0.4744723414286689,0.7774240277941963,0.4790547798066595,0.6617210682492581,0.37542087542087543,0.3115727002967359,0.5769230769230769,0.49851632047477745,0.46153846153846156,0.1834887379171085
price_calendar_weather,0.5146222359536442,0.7849576334860758,0.48484848484848486,0.6646884272997032,0.38160136286201024,0.34124629080118696,0.6318681318681318,0.5014836795252225,0.4642857142857143,0.17051218569273635
all,0.5146222359536442,0.7849576334860758,0.48484848484848486,0.6646884272997032,0.38160136286201024,0.34124629080118696,0.6318681318681318,0.5014836795252225,0.4642857142857143,0.17051218569273635
