horizon_months,pr_auc,recall_top10,brier,mae,wmape
1,0.32739666830640857,0.3168724279835391,0.12801014503377572,3357.2878728539017,0.07802915884714602
2,0.5146222359536442,0.34124629080118696,0.17051218569273635,4609.500470566812,0.10689037860005703
