horizon_months,threshold,positive_rate,valid_rows
1,0.05,0.16078080060351738,21209
1,0.08,0.10957612334386345,21209
1,0.1,0.0881701164599934,21209
2,0.05,0.2684431166578326,20753
2,0.08,0.19857370018792464,20753
2,0.1,0.16455452223774875,20753
