threshold,test_positive_rate,pr_auc,recall_top10,precision_top10,brier
0.05,0.18536853685368537,0.5146222359536442,0.34124629080118696,0.6318681318681318,0.17051218569273635
0.08,0.13586358635863585,0.4558029238177056,0.3603238866396761,0.489010989010989,0.14194158614775598
0.1,0.11826182618261827,0.4463068463664529,0.39069767441860465,0.46153846153846156,0.12555019338755866
