{
  "selected_horizon_months": 2,
  "selected_threshold": 0.05,
  "classification_threshold": 0.49999999999999994,
  "n_train": 8975,
  "n_validation": 4488,
  "n_test": 1818,
  "test_positive_rate": 0.18536853685368537,
  "pr_auc": 0.5146222359536442,
  "roc_auc": 0.7849576334860758,
  "f1": 0.48484848484848486,
  "recall": 0.6646884272997032,
  "precision": 0.38160136286201024,
  "recall_top10": 0.34124629080118696,
  "precision_top10": 0.6318681318681318,
  "recall_top20": 0.5014836795252225,
  "precision_top20": 0.4642857142857143,
  "brier": 0.17051218569273635,
  "cal_pr_auc": 0.5146222359536442,
  "cal_roc_auc": 0.7849576334860758,
  "cal_f1": 0.45318352059925093,
  "cal_recall": 0.3590504451038576,
  "cal_precision": 0.6142131979695431,
  "cal_recall_top10": 0.34124629080118696,
  "cal_precision_top10": 0.6318681318681318,
  "cal_recall_top20": 0.5014836795252225,
  "cal_precision_top20": 0.4642857142857143,
  "cal_brier": 0.12372387045941119,
  "mae": 3626.194172733561,
  "rmse": 7945.154626960342,
  "wmape": 0.0840883454673232
}