setting,ndcg_at_k,precision_at_k,recall_at_k
without_spatial,0.9117054959562638,0.8700000000000001,0.8700000000000001
all_features,0.9050800736108249,0.8600000000000001,0.8600000000000001
without_price,0.8971001990971667,0.86,0.86
without_balance,0.8799037120536422,0.8300000000000001,0.8300000000000001
