model,ndcg_at_k,precision_at_k,recall_at_k,lift_over_weighted
Random ranking,0.2937455562810026,0.3,0.3,0.31606229964810884
Price-gap baseline,0.8261961964905804,0.7499999999999999,0.7499999999999999,0.8889648344961931
Deficit baseline,0.8522350897774713,0.8000000000000002,0.8000000000000002,0.9169819817059829
Weighted priority index,0.9293913149655848,0.9,0.9,1.0
PanganFlow hybrid model,0.9374125626982582,0.9100000000000001,0.9100000000000001,1.0086306463203505
