removed_family,NDCG@K,Precision@K,Recall@K,Lift@K,Brier
Coverage,0.9408088971179028,0.8333333333333334,0.47619047619047616,4.682539682539683,0.10339164850078693
Socioeconomic,0.981134132452854,1.0,0.5714285714285714,5.6190476190476195,0.07602894609276409
Nutrition,0.9812715969782055,1.0,0.5714285714285714,5.6190476190476195,0.0777160147399488
Food system,0.9812715969782055,1.0,0.5714285714285714,5.6190476190476195,0.07520870323453525
