model,NDCG@K,Precision@K,Recall@K,Lift@K,Brier
Random baseline,0.45166220871376156,0.17333333333333337,0.09904761904761901,0.9739682539682539,0.33167498031684345
Weighted index baseline,0.9735096387535487,0.9166666666666666,0.5238095238095238,5.15079365079365,0.11569134625874003
StumpBoost Ranker,0.9923165466905254,1.0,0.5714285714285714,5.6190476190476195,0.0682423043533367
